old_path,new_path
en/wp-content/uploads/2024/10/5-ข้อ-ที่ควรรู้ก่อนใช้บริการ-Mobile-Application-1229x1536.jpg,en/wp-content/uploads/2024/10/5-Mobile-Application-1229x1536.jpg
en/wp-content/uploads/2024/10/5-ข้อ-ที่ควรรู้ก่อนใช้บริการ-Mobile-Application-1638x2048.jpg,en/wp-content/uploads/2024/10/5-Mobile-Application-1638x2048.jpg
en/wp-content/uploads/2024/10/5-ข้อ-ที่ควรรู้ก่อนใช้บริการ-Mobile-Application-240x300.jpg,en/wp-content/uploads/2024/10/5-Mobile-Application-240x300.jpg
en/wp-content/uploads/2024/10/5-ข้อ-ที่ควรรู้ก่อนใช้บริการ-Mobile-Application-768x960.jpg,en/wp-content/uploads/2024/10/5-Mobile-Application-768x960.jpg
en/wp-content/uploads/2024/10/5-ข้อ-ที่ควรรู้ก่อนใช้บริการ-Mobile-Application-819x1024.jpg,en/wp-content/uploads/2024/10/5-Mobile-Application-819x1024.jpg
en/wp-content/uploads/2024/10/5-ข้อ-ที่ควรรู้ก่อนใช้บริการ-Mobile-Application-scaled.jpg,en/wp-content/uploads/2024/10/5-Mobile-Application-scaled.jpg
en/wp-content/uploads/2024/10/5-วิธีการใช้บัตรเดบิต-บัตรเครดิต-ณ-จุดขาย-Poin-1229x1536.jpg,en/wp-content/uploads/2024/10/5-Poin-1229x1536.jpg
en/wp-content/uploads/2024/10/5-วิธีการใช้บัตรเดบิต-บัตรเครดิต-ณ-จุดขาย-Poin-1638x2048.jpg,en/wp-content/uploads/2024/10/5-Poin-1638x2048.jpg
en/wp-content/uploads/2024/10/5-วิธีการใช้บัตรเดบิต-บัตรเครดิต-ณ-จุดขาย-Poin-240x300.jpg,en/wp-content/uploads/2024/10/5-Poin-240x300.jpg
en/wp-content/uploads/2024/10/5-วิธีการใช้บัตรเดบิต-บัตรเครดิต-ณ-จุดขาย-Poin-768x960.jpg,en/wp-content/uploads/2024/10/5-Poin-768x960.jpg
en/wp-content/uploads/2024/10/5-วิธีการใช้บัตรเดบิต-บัตรเครดิต-ณ-จุดขาย-Poin-819x1024.jpg,en/wp-content/uploads/2024/10/5-Poin-819x1024.jpg
en/wp-content/uploads/2024/10/5-วิธีการใช้บัตรเดบิต-บัตรเครดิต-ณ-จุดขาย-Poin-scaled.jpg,en/wp-content/uploads/2024/10/5-Poin-scaled.jpg
en/wp-content/uploads/2024/10/5-วิธีการใช้บัตรเดบิต-บัตรเครดิต-ผ่านช่องท-1229x1536.jpg,en/wp-content/uploads/2024/10/5-1229x1536.jpg
en/wp-content/uploads/2024/10/5-วิธีการใช้บัตรเดบิต-บัตรเครดิต-ผ่านช่องท-1638x2048.jpg,en/wp-content/uploads/2024/10/5-1638x2048.jpg
en/wp-content/uploads/2024/10/5-วิธีการใช้บัตรเดบิต-บัตรเครดิต-ผ่านช่องท-240x300.jpg,en/wp-content/uploads/2024/10/5-240x300.jpg
en/wp-content/uploads/2024/10/5-วิธีการใช้บัตรเดบิต-บัตรเครดิต-ผ่านช่องท-768x960.jpg,en/wp-content/uploads/2024/10/5-768x960.jpg
en/wp-content/uploads/2024/10/5-วิธีการใช้บัตรเดบิต-บัตรเครดิต-ผ่านช่องท-819x1024.jpg,en/wp-content/uploads/2024/10/5-819x1024.jpg
en/wp-content/uploads/2024/10/5-วิธีการใช้บัตรเดบิต-บัตรเครดิต-ผ่านช่องท-scaled.jpg,en/wp-content/uploads/2024/10/5-scaled.jpg
en/wp-content/uploads/2024/10/ข้อควรรู้ก่อนรูดบัตรเครดิต-1086x1536.jpg,en/wp-content/uploads/2024/10/1086x1536.jpg
en/wp-content/uploads/2024/10/ข้อควรรู้ก่อนรูดบัตรเครดิต-1448x2048.jpg,en/wp-content/uploads/2024/10/1448x2048.jpg
en/wp-content/uploads/2024/10/ข้อควรรู้ก่อนรูดบัตรเครดิต-212x300.jpg,en/wp-content/uploads/2024/10/212x300.jpg
en/wp-content/uploads/2024/10/ข้อควรรู้ก่อนรูดบัตรเครดิต-724x1024.jpg,en/wp-content/uploads/2024/10/724x1024.jpg
en/wp-content/uploads/2024/10/ข้อควรรู้ก่อนรูดบัตรเครดิต-768x1086.jpg,en/wp-content/uploads/2024/10/768x1086.jpg
en/wp-content/uploads/2024/10/ข้อควรรู้ก่อนรูดบัตรเครดิต-scaled.jpg,en/wp-content/uploads/2024/10/scaled.jpg
en/wp-content/uploads/2024/10/ข้อดี-VS-ข้อเสียของบัตรเครดิต-1229x1536.jpg,en/wp-content/uploads/2024/10/VS-1229x1536.jpg
en/wp-content/uploads/2024/10/ข้อดี-VS-ข้อเสียของบัตรเครดิต-1638x2048.jpg,en/wp-content/uploads/2024/10/VS-1638x2048.jpg
en/wp-content/uploads/2024/10/ข้อดี-VS-ข้อเสียของบัตรเครดิต-240x300.jpg,en/wp-content/uploads/2024/10/VS-240x300.jpg
en/wp-content/uploads/2024/10/ข้อดี-VS-ข้อเสียของบัตรเครดิต-768x960.jpg,en/wp-content/uploads/2024/10/VS-768x960.jpg
en/wp-content/uploads/2024/10/ข้อดี-VS-ข้อเสียของบัตรเครดิต-819x1024.jpg,en/wp-content/uploads/2024/10/VS-819x1024.jpg
en/wp-content/uploads/2024/10/ข้อดี-VS-ข้อเสียของบัตรเครดิต-scaled.jpg,en/wp-content/uploads/2024/10/VS-scaled.jpg
en/wp-content/uploads/2024/10/ประโยชน์ของการจดทะเบียนการค้า-1024x1024.jpg,en/wp-content/uploads/2024/10/1024x1024.jpg
en/wp-content/uploads/2024/10/ประโยชน์ของการจดทะเบียนการค้า-150x150.jpg,en/wp-content/uploads/2024/10/150x150.jpg
en/wp-content/uploads/2024/10/ประโยชน์ของการจดทะเบียนการค้า-1536x1536.jpg,en/wp-content/uploads/2024/10/1536x1536.jpg
en/wp-content/uploads/2024/10/ประโยชน์ของการจดทะเบียนการค้า-2048x2048.jpg,en/wp-content/uploads/2024/10/2048x2048.jpg
en/wp-content/uploads/2024/10/ประโยชน์ของการจดทะเบียนการค้า-300x300.jpg,en/wp-content/uploads/2024/10/300x300.jpg
en/wp-content/uploads/2024/10/ประโยชน์ของการจดทะเบียนการค้า-768x768.jpg,en/wp-content/uploads/2024/10/768x768.jpg
en/wp-content/uploads/2024/10/ประโยชน์ของการจดทะเบียนการค้า-scaled.jpg,en/wp-content/uploads/2024/10/scaled-97febf.jpg
en/wp-content/uploads/2024/11/1.ใบอนุญาต-บ๓.๓-๐๐๙-๒๕๖๔_การให้บริการรับชำร-1024x724.jpg,en/wp-content/uploads/2024/11/1.-.-_-1024x724.jpg
en/wp-content/uploads/2024/11/1.ใบอนุญาต-บ๓.๓-๐๐๙-๒๕๖๔_การให้บริการรับชำร-300x212.jpg,en/wp-content/uploads/2024/11/1.-.-_-300x212.jpg
en/wp-content/uploads/2024/11/1.ใบอนุญาต-บ๓.๓-๐๐๙-๒๕๖๔_การให้บริการรับชำร-768x543.jpg,en/wp-content/uploads/2024/11/1.-.-_-768x543.jpg
en/wp-content/uploads/2024/11/1.ใบอนุญาต-บ๓.๓-๐๐๙-๒๕๖๔_การให้บริการรับชำร.jpg,en/wp-content/uploads/2024/11/1.-.-_.jpg
en/wp-content/uploads/2024/11/2.ใบอนุญาต-บ๓.๒-๐๐๕-๒๕๖๔_การให้บริการสนับสน-1024x724.jpg,en/wp-content/uploads/2024/11/2.-.-_-1024x724.jpg
en/wp-content/uploads/2024/11/2.ใบอนุญาต-บ๓.๒-๐๐๕-๒๕๖๔_การให้บริการสนับสน-300x212.jpg,en/wp-content/uploads/2024/11/2.-.-_-300x212.jpg
en/wp-content/uploads/2024/11/2.ใบอนุญาต-บ๓.๒-๐๐๕-๒๕๖๔_การให้บริการสนับสน-768x543.jpg,en/wp-content/uploads/2024/11/2.-.-_-768x543.jpg
en/wp-content/uploads/2024/11/2.ใบอนุญาต-บ๓.๒-๐๐๕-๒๕๖๔_การให้บริการสนับสน.jpg,en/wp-content/uploads/2024/11/2.-.-_.jpg
en/wp-content/uploads/2024/12/EDC-คืออะไร-และมีประโยชน์อย่างไร-1024x512.jpg,en/wp-content/uploads/2024/12/EDC-1024x512.jpg
en/wp-content/uploads/2024/12/EDC-คืออะไร-และมีประโยชน์อย่างไร-1536x768.jpg,en/wp-content/uploads/2024/12/EDC-1536x768.jpg
en/wp-content/uploads/2024/12/EDC-คืออะไร-และมีประโยชน์อย่างไร-2048x1024.jpg,en/wp-content/uploads/2024/12/EDC-2048x1024.jpg
en/wp-content/uploads/2024/12/EDC-คืออะไร-และมีประโยชน์อย่างไร-300x150.jpg,en/wp-content/uploads/2024/12/EDC-300x150.jpg
en/wp-content/uploads/2024/12/EDC-คืออะไร-และมีประโยชน์อย่างไร-768x384.jpg,en/wp-content/uploads/2024/12/EDC-768x384.jpg
en/wp-content/uploads/2024/12/EDC-คืออะไร-และมีประโยชน์อย่างไร-scaled.jpg,en/wp-content/uploads/2024/12/EDC-scaled.jpg
en/wp-content/uploads/2024/12/จ--300x81.png,en/wp-content/uploads/2024/12/300x81.png
en/wp-content/uploads/2024/12/จ-.png,en/wp-content/uploads/2024/12/file.png
en/wp-content/uploads/2025/01/PSPs-คือบริการด้านใดและทำหน้าที่อะไรบ้าง-1024x1024.jpg,en/wp-content/uploads/2025/01/PSPs-1024x1024.jpg
en/wp-content/uploads/2025/01/PSPs-คือบริการด้านใดและทำหน้าที่อะไรบ้าง-150x150.jpg,en/wp-content/uploads/2025/01/PSPs-150x150.jpg
en/wp-content/uploads/2025/01/PSPs-คือบริการด้านใดและทำหน้าที่อะไรบ้าง-1536x1536.jpg,en/wp-content/uploads/2025/01/PSPs-1536x1536.jpg
en/wp-content/uploads/2025/01/PSPs-คือบริการด้านใดและทำหน้าที่อะไรบ้าง-2048x2048.jpg,en/wp-content/uploads/2025/01/PSPs-2048x2048.jpg
en/wp-content/uploads/2025/01/PSPs-คือบริการด้านใดและทำหน้าที่อะไรบ้าง-300x300.jpg,en/wp-content/uploads/2025/01/PSPs-300x300.jpg
en/wp-content/uploads/2025/01/PSPs-คือบริการด้านใดและทำหน้าที่อะไรบ้าง-768x768.jpg,en/wp-content/uploads/2025/01/PSPs-768x768.jpg
en/wp-content/uploads/2025/01/PSPs-คือบริการด้านใดและทำหน้าที่อะไรบ้าง-scaled.jpg,en/wp-content/uploads/2025/01/PSPs-scaled.jpg
wp-content/uploads/2024/10/5-ข้อ-ที่ควรรู้ก่อนใช้บริการ-Mobile-Application-1229x1536.jpg,wp-content/uploads/2024/10/5-Mobile-Application-1229x1536.jpg
wp-content/uploads/2024/10/5-ข้อ-ที่ควรรู้ก่อนใช้บริการ-Mobile-Application-1638x2048.jpg,wp-content/uploads/2024/10/5-Mobile-Application-1638x2048.jpg
wp-content/uploads/2024/10/5-ข้อ-ที่ควรรู้ก่อนใช้บริการ-Mobile-Application-240x300.jpg,wp-content/uploads/2024/10/5-Mobile-Application-240x300.jpg
wp-content/uploads/2024/10/5-ข้อ-ที่ควรรู้ก่อนใช้บริการ-Mobile-Application-768x960.jpg,wp-content/uploads/2024/10/5-Mobile-Application-768x960.jpg
wp-content/uploads/2024/10/5-ข้อ-ที่ควรรู้ก่อนใช้บริการ-Mobile-Application-819x1024.jpg,wp-content/uploads/2024/10/5-Mobile-Application-819x1024.jpg
wp-content/uploads/2024/10/5-ข้อ-ที่ควรรู้ก่อนใช้บริการ-Mobile-Application-scaled.jpg,wp-content/uploads/2024/10/5-Mobile-Application-scaled.jpg
wp-content/uploads/2024/10/5-วิธีการใช้บัตรเดบิต-บัตรเครดิต-ณ-จุดขาย-Poin-1229x1536.jpg,wp-content/uploads/2024/10/5-Poin-1229x1536.jpg
wp-content/uploads/2024/10/5-วิธีการใช้บัตรเดบิต-บัตรเครดิต-ณ-จุดขาย-Poin-1638x2048.jpg,wp-content/uploads/2024/10/5-Poin-1638x2048.jpg
wp-content/uploads/2024/10/5-วิธีการใช้บัตรเดบิต-บัตรเครดิต-ณ-จุดขาย-Poin-240x300.jpg,wp-content/uploads/2024/10/5-Poin-240x300.jpg
wp-content/uploads/2024/10/5-วิธีการใช้บัตรเดบิต-บัตรเครดิต-ณ-จุดขาย-Poin-768x960.jpg,wp-content/uploads/2024/10/5-Poin-768x960.jpg
wp-content/uploads/2024/10/5-วิธีการใช้บัตรเดบิต-บัตรเครดิต-ณ-จุดขาย-Poin-819x1024.jpg,wp-content/uploads/2024/10/5-Poin-819x1024.jpg
wp-content/uploads/2024/10/5-วิธีการใช้บัตรเดบิต-บัตรเครดิต-ณ-จุดขาย-Poin-scaled.jpg,wp-content/uploads/2024/10/5-Poin-scaled.jpg
wp-content/uploads/2024/10/5-วิธีการใช้บัตรเดบิต-บัตรเครดิต-ผ่านช่องท-1229x1536.jpg,wp-content/uploads/2024/10/5-1229x1536.jpg
wp-content/uploads/2024/10/5-วิธีการใช้บัตรเดบิต-บัตรเครดิต-ผ่านช่องท-1638x2048.jpg,wp-content/uploads/2024/10/5-1638x2048.jpg
wp-content/uploads/2024/10/5-วิธีการใช้บัตรเดบิต-บัตรเครดิต-ผ่านช่องท-240x300.jpg,wp-content/uploads/2024/10/5-240x300.jpg
wp-content/uploads/2024/10/5-วิธีการใช้บัตรเดบิต-บัตรเครดิต-ผ่านช่องท-768x960.jpg,wp-content/uploads/2024/10/5-768x960.jpg
wp-content/uploads/2024/10/5-วิธีการใช้บัตรเดบิต-บัตรเครดิต-ผ่านช่องท-819x1024.jpg,wp-content/uploads/2024/10/5-819x1024.jpg
wp-content/uploads/2024/10/5-วิธีการใช้บัตรเดบิต-บัตรเครดิต-ผ่านช่องท-scaled.jpg,wp-content/uploads/2024/10/5-scaled.jpg
wp-content/uploads/2024/10/ข้อควรรู้ก่อนรูดบัตรเครดิต-1086x1536.jpg,wp-content/uploads/2024/10/1086x1536.jpg
wp-content/uploads/2024/10/ข้อควรรู้ก่อนรูดบัตรเครดิต-1448x2048.jpg,wp-content/uploads/2024/10/1448x2048.jpg
wp-content/uploads/2024/10/ข้อควรรู้ก่อนรูดบัตรเครดิต-212x300.jpg,wp-content/uploads/2024/10/212x300.jpg
wp-content/uploads/2024/10/ข้อควรรู้ก่อนรูดบัตรเครดิต-724x1024.jpg,wp-content/uploads/2024/10/724x1024.jpg
wp-content/uploads/2024/10/ข้อควรรู้ก่อนรูดบัตรเครดิต-768x1086.jpg,wp-content/uploads/2024/10/768x1086.jpg
wp-content/uploads/2024/10/ข้อควรรู้ก่อนรูดบัตรเครดิต-scaled.jpg,wp-content/uploads/2024/10/scaled.jpg
wp-content/uploads/2024/10/ข้อดี-VS-ข้อเสียของบัตรเครดิต-1229x1536.jpg,wp-content/uploads/2024/10/VS-1229x1536.jpg
wp-content/uploads/2024/10/ข้อดี-VS-ข้อเสียของบัตรเครดิต-1638x2048.jpg,wp-content/uploads/2024/10/VS-1638x2048.jpg
wp-content/uploads/2024/10/ข้อดี-VS-ข้อเสียของบัตรเครดิต-240x300.jpg,wp-content/uploads/2024/10/VS-240x300.jpg
wp-content/uploads/2024/10/ข้อดี-VS-ข้อเสียของบัตรเครดิต-768x960.jpg,wp-content/uploads/2024/10/VS-768x960.jpg
wp-content/uploads/2024/10/ข้อดี-VS-ข้อเสียของบัตรเครดิต-819x1024.jpg,wp-content/uploads/2024/10/VS-819x1024.jpg
wp-content/uploads/2024/10/ข้อดี-VS-ข้อเสียของบัตรเครดิต-scaled.jpg,wp-content/uploads/2024/10/VS-scaled.jpg
wp-content/uploads/2024/10/ประโยชน์ของการจดทะเบียนการค้า-1024x1024.jpg,wp-content/uploads/2024/10/1024x1024.jpg
wp-content/uploads/2024/10/ประโยชน์ของการจดทะเบียนการค้า-150x150.jpg,wp-content/uploads/2024/10/150x150.jpg
wp-content/uploads/2024/10/ประโยชน์ของการจดทะเบียนการค้า-1536x1536.jpg,wp-content/uploads/2024/10/1536x1536.jpg
wp-content/uploads/2024/10/ประโยชน์ของการจดทะเบียนการค้า-2048x2048.jpg,wp-content/uploads/2024/10/2048x2048.jpg
wp-content/uploads/2024/10/ประโยชน์ของการจดทะเบียนการค้า-300x300.jpg,wp-content/uploads/2024/10/300x300.jpg
wp-content/uploads/2024/10/ประโยชน์ของการจดทะเบียนการค้า-768x768.jpg,wp-content/uploads/2024/10/768x768.jpg
wp-content/uploads/2024/10/ประโยชน์ของการจดทะเบียนการค้า-scaled.jpg,wp-content/uploads/2024/10/scaled-97febf.jpg
wp-content/uploads/2024/11/1.ใบอนุญาต-บ๓.๓-๐๐๙-๒๕๖๔_การให้บริการรับชำร-1024x724.jpg,wp-content/uploads/2024/11/1.-.-_-1024x724.jpg
wp-content/uploads/2024/11/1.ใบอนุญาต-บ๓.๓-๐๐๙-๒๕๖๔_การให้บริการรับชำร-300x212.jpg,wp-content/uploads/2024/11/1.-.-_-300x212.jpg
wp-content/uploads/2024/11/1.ใบอนุญาต-บ๓.๓-๐๐๙-๒๕๖๔_การให้บริการรับชำร-768x543.jpg,wp-content/uploads/2024/11/1.-.-_-768x543.jpg
wp-content/uploads/2024/11/1.ใบอนุญาต-บ๓.๓-๐๐๙-๒๕๖๔_การให้บริการรับชำร.jpg,wp-content/uploads/2024/11/1.-.-_.jpg
wp-content/uploads/2024/11/2.ใบอนุญาต-บ๓.๒-๐๐๕-๒๕๖๔_การให้บริการสนับสน-1024x724.jpg,wp-content/uploads/2024/11/2.-.-_-1024x724.jpg
wp-content/uploads/2024/11/2.ใบอนุญาต-บ๓.๒-๐๐๕-๒๕๖๔_การให้บริการสนับสน-300x212.jpg,wp-content/uploads/2024/11/2.-.-_-300x212.jpg
wp-content/uploads/2024/11/2.ใบอนุญาต-บ๓.๒-๐๐๕-๒๕๖๔_การให้บริการสนับสน-768x543.jpg,wp-content/uploads/2024/11/2.-.-_-768x543.jpg
wp-content/uploads/2024/11/2.ใบอนุญาต-บ๓.๒-๐๐๕-๒๕๖๔_การให้บริการสนับสน.jpg,wp-content/uploads/2024/11/2.-.-_.jpg
wp-content/uploads/2024/12/EDC-คืออะไร-และมีประโยชน์อย่างไร-1024x512.jpg,wp-content/uploads/2024/12/EDC-1024x512.jpg
wp-content/uploads/2024/12/EDC-คืออะไร-และมีประโยชน์อย่างไร-1536x768.jpg,wp-content/uploads/2024/12/EDC-1536x768.jpg
wp-content/uploads/2024/12/EDC-คืออะไร-และมีประโยชน์อย่างไร-2048x1024.jpg,wp-content/uploads/2024/12/EDC-2048x1024.jpg
wp-content/uploads/2024/12/EDC-คืออะไร-และมีประโยชน์อย่างไร-300x150.jpg,wp-content/uploads/2024/12/EDC-300x150.jpg
wp-content/uploads/2024/12/EDC-คืออะไร-และมีประโยชน์อย่างไร-768x384.jpg,wp-content/uploads/2024/12/EDC-768x384.jpg
wp-content/uploads/2024/12/EDC-คืออะไร-และมีประโยชน์อย่างไร-scaled.jpg,wp-content/uploads/2024/12/EDC-scaled.jpg
wp-content/uploads/2024/12/จ--300x81.png,wp-content/uploads/2024/12/300x81.png
wp-content/uploads/2024/12/จ-.png,wp-content/uploads/2024/12/file.png
wp-content/uploads/2024/12/฿-1-1024x1024.png,wp-content/uploads/2024/12/1-1024x1024.png
wp-content/uploads/2024/12/฿-1-150x150.png,wp-content/uploads/2024/12/1-150x150.png
wp-content/uploads/2024/12/฿-1-300x300.png,wp-content/uploads/2024/12/1-300x300.png
wp-content/uploads/2024/12/฿-1-768x768.png,wp-content/uploads/2024/12/1-768x768.png
wp-content/uploads/2024/12/฿-1.png,wp-content/uploads/2024/12/1.png
wp-content/uploads/2025/01/PSPs-คือบริการด้านใดและทำหน้าที่อะไรบ้าง-1024x1024.jpg,wp-content/uploads/2025/01/PSPs-1024x1024.jpg
wp-content/uploads/2025/01/PSPs-คือบริการด้านใดและทำหน้าที่อะไรบ้าง-150x150.jpg,wp-content/uploads/2025/01/PSPs-150x150.jpg
wp-content/uploads/2025/01/PSPs-คือบริการด้านใดและทำหน้าที่อะไรบ้าง-1536x1536.jpg,wp-content/uploads/2025/01/PSPs-1536x1536.jpg
wp-content/uploads/2025/01/PSPs-คือบริการด้านใดและทำหน้าที่อะไรบ้าง-2048x2048.jpg,wp-content/uploads/2025/01/PSPs-2048x2048.jpg
wp-content/uploads/2025/01/PSPs-คือบริการด้านใดและทำหน้าที่อะไรบ้าง-300x300.jpg,wp-content/uploads/2025/01/PSPs-300x300.jpg
wp-content/uploads/2025/01/PSPs-คือบริการด้านใดและทำหน้าที่อะไรบ้าง-768x768.jpg,wp-content/uploads/2025/01/PSPs-768x768.jpg
wp-content/uploads/2025/01/PSPs-คือบริการด้านใดและทำหน้าที่อะไรบ้าง-scaled.jpg,wp-content/uploads/2025/01/PSPs-scaled.jpg
